Tab,Ticker,Sector,Current Price,52-Week High,RSI,P/E Ratio,PEG,P/S Ratio,PSG,Market Cap,Target Price,Upside %,Revenue Growth %,EPS Growth %,Gross Margin %,Net Profit Margin %,Debt/Equity,Beta,Insider Ownership %,Institutional Ownership %,Analyst Recom,Short Interest,Short Float %,Earnings Date,Investment Score
Investment Master,MU,Technology,823.03,1255.0,43.58,18.63,0.03,10.3,0.03,929524410000,1568.74,90.61,345.72,1372.09,72.6,55.91,0.06,2.2,0.44,78.08,1.31,36.21,3.22,6/24/2026 4:30:00 PM,94.9
Investment Master,CRDO,Technology,206.99,308.66,45.35,83.47,0.48,28.91,0.18,38599060000,290.14,40.17,157.02,336.83,68.01,35.37,0.01,3.25,9.93,74.62,1.15,6.01,3.58,6/1/2026 4:30:00 PM,88.4
Investment Master,NVDA,Technology,200.75,236.54,48.29,30.74,0.33,19.16,0.22,4858150000000,314.29,56.56,85.23,213.42,74.15,62.97,0.07,2.23,3.85,69.25,1.23,324.05,1.39,8/26/2026 4:30:00 PM,88.1
Investment Master,CDE,Basic Materials,14.91,27.77,44.14,12.33,0.25,5.99,0.04,15365060000,24.84,66.6,137.76,451.88,43.69,31.16,0.07,1.32,0.7,77.71,1.42,55.84,5.46,8/5/2026 4:30:00 PM,87.0
Investment Master,PLTR,Technology,123.06,207.52,44.35,138.64,0.99,56.47,0.67,295013240000,189.04,53.62,84.71,304.06,84.07,43.67,0.03,1.58,8.5,56.84,1.94,77.88,3.55,8/3/2026 4:30:00 PM,86.9
Investment Master,ONDS,Technology,7.49,15.28,46.68,37.41,,44.18,0.04,4268240000,19.81,164.49,1079.85,496.37,31.18,140.68,0.02,2.72,8.25,41.41,1.0,229.56,43.91,5/14/2026 8:30:00 AM,85.9
Investment Master,IONQ,Technology,36.44,84.65,41.19,,,72.69,0.1,13601960000,70.38,93.14,754.72,1570.07,-28.8,164.87,0.01,3.3,1.66,55.68,1.6,47.05,12.82,8/5/2026 4:30:00 PM,84.0
Investment Master,RDDT,Communication Services,140.67,282.92,30.45,32.72,0.41,9.75,0.16,27080250000,220.72,56.91,61.1,161.89,91.0,31.35,0.01,1.94,28.78,65.89,1.75,16.99,12.39,7/30/2026 4:30:00 PM,83.5
Investment Master,TER,Technology,367.69,487.91,51.14,50.45,0.54,12.9,0.12,57558990000,442.64,20.38,103.99,385.31,59.06,25.77,0.03,1.79,0.68,94.09,1.75,7.3,4.69,7/28/2026 4:30:00 PM,82.8
Investment Master,ALAB,Technology,311.23,499.49,46.33,209.78,1.32,53.27,0.57,53347300000,317.11,1.89,93.4,148.21,75.99,26.72,0.03,3.92,18.17,71.67,1.88,9.53,6.79,8/4/2026 4:30:00 PM,79.5
Investment Master,HL,Basic Materials,14.12,34.17,41.06,20.3,0.39,6.03,0.11,9470460000,23.53,66.64,56.55,466.67,48.39,29.65,0.11,1.31,0.83,73.61,1.91,41.15,6.19,8/4/2026 4:30:00 PM,79.5
Investment Master,STRL,Industrials,596.77,1005.68,41.78,53.35,0.64,6.35,0.07,18312460000,956.43,60.27,91.59,141.86,22.43,12.02,0.29,1.9,2.44,92.31,1.3,1.28,4.28,8/3/2026 4:30:00 PM,78.5
Investment Master,AVGO,Technology,389.28,495.02,51.46,64.8,0.35,24.54,0.51,1852030770000,529.43,36.0,47.87,85.59,65.66,38.85,0.74,1.46,1.92,78.75,1.31,68.64,1.47,6/3/2026 4:30:00 PM,78.0
Investment Master,LITE,Technology,713.94,1085.68,45.54,132.5,0.27,22.32,0.25,55544530000,1122.3,57.2,90.12,332.76,35.36,17.61,1.11,1.52,2.57,98.83,1.45,8.78,11.59,8/11/2026 4:30:00 PM,77.8
Investment Master,CBRS,Technology,198.71,386.37,48.7,172.18,,91.23,0.97,55090470000,292.0,46.95,94.35,44.27,41.98,41.02,0.49,,71.5,4.91,1.42,10.42,13.02,8/12/2026 4:30:00 PM,77.1
Investment Master,WDC,Technology,544.84,799.82,51.02,32.52,0.35,15.95,0.35,187796620000,665.96,22.23,45.47,483.37,45.4,54.28,0.18,2.16,0.94,98.59,1.7,23.26,6.81,8/5/2026 4:30:00 PM,75.3
Investment Master,BEAM,Healthcare,25.52,38.26,35.9,,,16.01,0.05,2625480000,50.92,99.53,324.87,26.46,86.36,-39.66,0.22,2.24,9.43,99.83,1.27,23.22,24.91,5/7/2026 8:30:00 AM,75.0
Investment Master,TSM,Technology,404.25,479.03,46.22,29.18,0.5,14.68,0.45,2096634540000,537.7,33.01,32.92,73.33,63.38,50.31,0.15,1.4,0.09,15.14,1.2,33.35,0.64,7/16/2026 8:30:00 AM,74.6
Investment Master,NBIS,Technology,190.41,299.86,46.69,63.53,,54.58,0.09,47916760000,270.8,42.22,621.52,521.4,7.48,95.27,1.31,4.51,19.71,50.83,1.78,61.07,30.22,8/12/2026 8:30:00 AM,74.1
Investment Master,BE,Industrials,205.81,351.27,44.87,280.43,0.37,19.47,0.12,60616670000,275.44,33.83,165.52,431.21,31.22,7.87,1.74,3.82,6.31,83.26,2.21,19.19,6.95,7/28/2026 4:30:00 PM,73.7
Investment Master,ADI,Technology,367.41,445.89,42.57,54.6,0.8,14.05,0.38,178960650000,462.57,25.9,37.25,109.73,58.62,26.01,0.26,1.2,0.28,89.81,1.53,10.46,2.15,8/19/2026 8:30:00 AM,72.7
Investment Master,AU,Basic Materials,79.32,129.14,46.73,10.62,0.34,3.39,0.13,40057190000,119.4,50.53,26.95,49.34,57.69,32.19,0.2,0.67,0.22,65.3,1.67,5.62,1.11,7/31/2026 8:30:00 AM,72.7
Investment Master,STX,Technology,856.13,1145.02,50.07,61.7,0.21,15.74,0.32,191969170000,1137.95,32.92,48.49,149.27,45.58,26.11,1.65,2.09,0.27,85.55,1.57,7.34,3.28,7/28/2026 4:30:00 PM,72.6
Investment Master,ADSK,Technology,234.2,329.07,61.2,34.22,1.02,6.57,0.33,49416200000,314.28,34.19,19.63,229.12,85.68,19.46,0.85,1.27,0.37,94.26,1.36,8.73,4.15,5/28/2026 4:30:00 PM,71.7
Investment Master,PODD,Healthcare,165.35,354.9,54.94,38.49,0.77,3.95,0.12,11452910000,232.3,40.49,33.87,158.51,71.64,10.44,0.73,1.09,0.43,104.13,1.54,4.65,6.74,8/5/2026 8:30:00 AM,71.5
Investment Master,GOOGL,Communication Services,356.13,408.59,54.3,17.89,1.33,9.77,0.41,4358343940000,427.9,20.15,23.98,294.02,60.94,54.7,0.18,1.25,52.18,38.48,1.3,78.67,1.35,7/22/2026 4:30:00 PM,71.4
Investment Master,ADMA,Healthcare,8.46,20.46,44.69,12.48,0.31,3.85,,1960800000,17.0,100.95,-0.27,71.73,61.24,32.43,0.52,0.73,2.83,91.78,1.75,24.03,10.67,8/5/2026 4:30:00 PM,71.2
Investment Master,AVAV,Industrials,149.37,417.82,47.29,,1.64,3.82,0.03,7559320000,226.42,51.58,133.27,112.23,18.93,-13.41,0.19,1.41,25.08,63.59,1.35,3.84,10.13,6/29/2026 4:30:00 PM,71.2
Investment Master,GOOG,Communication Services,356.65,404.46,55.2,17.92,1.33,9.77,0.41,4358343940000,427.59,19.89,23.98,294.02,60.94,54.7,0.18,1.24,58.03,27.0,1.31,55.65,1.08,7/22/2026 4:30:00 PM,71.1
Investment Master,CIEN,Technology,377.05,637.55,42.43,125.5,0.52,9.58,0.24,53372530000,588.75,56.15,39.51,2309.37,40.49,7.87,0.55,1.32,1.09,96.66,1.91,3.99,2.85,6/4/2026 8:30:00 AM,70.5
Investment Master,NVT,Industrials,153.83,184.65,49.05,42.5,0.87,5.15,0.1,24877460000,204.12,32.69,52.77,96.58,36.97,12.28,0.41,1.38,0.99,93.66,1.37,4.01,2.5,7/31/2026 8:30:00 AM,70.4
Investment Master,NBIX,Healthcare,166.8,186.12,44.03,24.42,0.44,4.97,0.13,16771740000,209.34,25.5,39.49,30.59,98.64,20.91,0.11,0.38,1.75,102.06,1.42,5.33,5.4,7/30/2026 4:30:00 PM,70.3
Investment Master,DELL,Technology,405.37,469.45,49.77,32.21,0.5,1.96,0.02,262793680000,507.9,25.29,87.49,281.26,19.09,6.27,,1.32,53.53,39.65,1.73,13.09,4.35,5/28/2026 4:30:00 PM,70.3
Investment Master,SSRM,Basic Materials,25.62,36.52,42.52,24.68,0.18,2.81,0.03,5315920000,40.58,58.39,83.75,-290.68,43.52,12.17,0.02,-0.09,1.31,72.15,1.09,8.72,4.26,8/4/2026 4:30:00 PM,70.1
Investment Master,UUUU,Energy,11.44,27.9,38.59,,,33.69,0.3,2859070000,26.58,132.34,112.08,64.53,24.76,-82.7,0.94,1.55,1.62,68.07,1.22,48.99,19.93,8/6/2026 8:30:00 AM,69.9
Investment Master,FORM,Technology,106.2,160.28,46.47,72.62,0.57,9.18,0.29,8278799999,145.38,36.89,31.89,505.8,47.78,12.8,0.03,1.27,0.74,97.19,2.1,2.79,3.6,7/29/2026 4:30:00 PM,69.8
Investment Master,ABCL,Healthcare,5.71,8.44,45.16,,,22.01,0.23,1743690000,10.5,83.89,96.34,7.05,61.02,-181.75,0.15,1.22,23.04,41.73,1.0,45.11,19.19,8/5/2026 4:30:00 PM,69.8
Investment Master,RMBS,Technology,91.03,174.09,37.05,41.67,1.03,13.05,0.64,9873260000,147.5,62.03,20.43,15.13,74.46,31.69,0.01,1.89,0.79,104.46,1.83,4.58,4.26,7/27/2026 4:30:00 PM,69.3
Investment Master,P,Technology,77.17,100.59,54.62,117.32,1.25,6.52,0.18,25651690000,93.89,21.67,35.25,263.4,70.23,5.75,0.16,1.46,5.37,83.87,1.86,10.45,3.32,5/27/2026 4:30:00 PM,69.3
Investment Master,AMD,Technology,476.15,584.74,45.18,156.27,0.51,20.73,0.55,776410460000,576.78,21.13,37.85,92.25,47.09,13.37,0.06,2.49,0.48,68.37,1.52,39.77,2.45,8/4/2026 4:30:00 PM,69.0
Investment Master,AVPT,Technology,13.03,19.95,61.42,64.25,1.17,6.23,0.24,2762580000,16.17,24.1,25.98,340.52,73.59,10.51,0.05,1.15,33.47,53.97,1.6,12.45,8.83,8/6/2026 4:30:00 PM,69.0
Investment Master,FIX,Industrials,1729.69,2073.97,48.65,42.56,0.76,5.42,0.11,60875280000,2217.62,28.21,50.26,91.92,25.08,12.78,0.11,1.7,1.23,95.12,1.27,0.84,2.41,7/23/2026 4:30:00 PM,69.0
Investment Master,ESTC,Technology,65.79,96.07,64.51,18.8,0.76,3.93,0.25,6838980000,75.28,14.42,16.03,2754.97,76.07,21.14,0.46,0.98,13.84,86.44,2.0,7.08,7.91,5/28/2026 4:30:00 PM,68.5
Investment Master,HAPN,Financial,19.14,21.67,51.41,11.53,0.2,1.31,0.04,2208900000,24.78,29.47,31.95,50.24,75.43,11.63,0.03,1.92,3.17,89.87,1.0,5.25,4.7,7/27/2026 4:30:00 PM,68.5
Investment Master,KTOS,Industrials,46.6,133.99,44.15,275.58,1.2,6.17,0.27,8738430000,106.33,128.18,22.6,130.21,21.95,2.08,0.05,1.09,1.46,91.5,1.32,10.38,5.62,8/4/2026 4:30:00 PM,68.5
Investment Master,MCHP,Technology,74.29,105.92,37.1,344.09,0.44,8.56,0.24,40340090000,115.18,55.04,35.11,172.91,43.55,2.52,0.88,1.76,1.82,95.94,1.54,35.23,6.61,8/6/2026 4:30:00 PM,68.5
Investment Master,SMCI,Technology,28.4,62.36,48.91,14.98,0.41,0.55,0.0,18371190000,37.13,30.74,122.68,314.07,8.39,3.7,1.21,1.95,12.91,62.24,2.95,97.15,17.24,8/11/2026 4:30:00 PM,68.3
Investment Master,GMED,Healthcare,78.79,101.4,49.84,18.35,1.22,3.45,0.13,10689140000,102.77,30.44,27.04,66.6,64.08,18.92,0.02,0.94,17.15,82.81,1.71,7.07,6.29,8/6/2026 4:30:00 PM,68.2
Investment Master,META,Communication Services,556.71,796.21,37.83,20.97,0.85,6.21,0.22,1418011920000,764.21,37.27,27.96,-13.44,81.75,29.84,0.43,1.25,13.69,67.48,1.28,37.85,1.73,7/29/2026 4:30:00 PM,68.2
Investment Master,MP,Basic Materials,41.37,100.24,35.87,,,21.19,0.18,7364780000,76.2,84.19,118.59,67.61,8.12,-20.48,0.44,1.9,18.64,72.22,1.21,28.4,19.61,8/6/2026 4:30:00 PM,68.1
Investment Master,PNFP,Financial,105.23,107.0,63.04,14.45,0.59,3.06,0.02,15900970000,117.05,11.23,125.62,3.2,,15.06,0.75,1.03,1.47,85.15,1.57,5.94,3.99,7/22/2026 4:30:00 PM,67.9
Investment Master,STM,Technology,52.39,81.41,37.38,104.26,0.21,3.57,0.15,46760170000,77.68,48.27,23.95,316.7,34.29,3.55,0.23,1.96,0.0,12.27,1.83,11.99,1.34,7/23/2026 8:30:00 AM,67.8
Investment Master,LRCX,Technology,293.02,438.52,43.56,50.86,0.77,15.77,0.53,366442310000,377.3,28.76,29.99,34.37,50.47,31.27,0.3,1.86,0.33,84.3,1.48,29.52,2.37,7/29/2026 4:30:00 PM,67.5
Investment Master,NEM,Basic Materials,93.71,134.87,47.36,11.83,0.45,3.9,0.23,98741500000,132.48,41.37,16.93,11.35,56.4,33.98,0.16,0.48,0.11,81.56,1.52,19.92,1.89,7/23/2026 4:30:00 PM,67.5
Investment Master,HPE,Technology,47.9,64.25,54.55,45.05,0.38,1.63,0.04,63429350000,68.82,43.67,40.64,153.39,31.38,3.7,0.84,1.44,0.42,92.79,1.92,65.1,4.94,6/1/2026 4:30:00 PM,67.5
Investment Master,AAON,Industrials,89.06,150.46,28.96,62.65,0.51,4.51,0.08,7295060000,149.75,68.15,54.3,36.23,24.54,7.3,0.49,1.46,16.68,87.68,1.75,3.98,5.83,8/10/2026 4:30:00 PM,67.2
Investment Master,MSFT,Technology,464.72,555.42,74.5,25.9,1.13,10.4,0.59,3450799470000,560.36,20.58,17.75,31.65,67.94,40.31,0.29,1.09,1.5,74.86,1.25,92.37,1.26,7/29/2026 4:30:00 PM,67.1
Investment Master,HYLN,Industrials,3.56,8.49,40.76,,,109.08,0.23,634840000,7.0,96.63,479.14,33.23,-112.67,-888.12,0.02,3.54,30.73,25.18,1.67,15.12,12.24,8/11/2026 4:30:00 PM,67.1
Investment Master,ARM,Technology,239.69,452.67,37.51,245.89,2.5,49.65,2.22,255988920000,286.09,19.36,22.41,105.16,93.88,20.25,0.06,3.94,0.45,7.98,1.84,17.46,1.64,7/29/2026 4:30:00 PM,67.0
Investment Master,COCO,Consumer Defensive,65.94,85.83,38.83,36.39,1.08,5.36,0.19,3784760000,83.89,27.22,28.08,112.29,40.9,15.5,0.04,0.77,13.78,87.67,1.55,5.38,10.86,7/23/2026 8:30:00 AM,66.8
Investment Master,ORCL,Technology,129.87,345.67,43.8,22.3,0.45,5.55,0.27,374086750000,250.87,93.17,20.63,21.36,63.34,25.21,3.94,1.72,40.48,43.73,1.54,50.07,2.92,6/10/2026 4:30:00 PM,66.8
Investment Master,BAM,Financial,48.4,64.1,56.77,31.16,1.46,15.23,0.64,77284640000,56.64,17.02,23.77,6.87,95.07,49.68,0.5,1.24,79.84,21.55,2.15,18.44,5.73,8/5/2026 8:30:00 AM,66.7
Investment Master,COHR,Technology,262.89,439.98,40.4,125.51,0.57,7.79,0.38,51431630000,395.09,50.29,20.55,990.95,37.93,6.07,0.32,2.1,4.46,82.55,1.65,8.69,4.65,8/12/2026 4:30:00 PM,66.7
Investment Master,INCY,Healthcare,119.52,132.59,55.17,15.23,1.36,4.16,0.11,24226430000,124.64,4.28,37.72,38.02,91.42,27.71,0.01,0.76,0.95,103.32,2.33,10.51,5.24,7/28/2026 8:30:00 AM,66.4
Investment Master,MTSI,Technology,251.44,418.93,35.71,109.02,1.05,17.87,0.79,19183810000,400.92,59.45,22.5,42.88,54.09,16.46,0.29,1.72,9.6,97.84,1.67,2.05,2.97,8/6/2026 8:30:00 AM,65.9
Investment Master,ALGM,Technology,41.5,71.77,36.81,552.6,0.49,8.17,0.3,7731830000,54.36,30.99,27.45,217.85,47.15,1.5,0.32,1.96,32.91,75.37,1.38,12.56,10.05,7/30/2026 8:30:00 AM,65.9
Investment Master,TRMB,Technology,56.58,87.5,59.67,29.68,0.91,3.58,0.3,13189450000,81.27,43.64,11.81,54.12,66.6,12.37,0.25,1.36,0.46,97.61,1.38,12.37,5.33,5/6/2026 8:30:00 AM,65.7
Investment Master,CGNX,Technology,65.24,72.88,53.78,77.2,1.23,10.37,0.43,10857200000,77.21,18.35,24.26,121.73,68.02,13.62,0.05,1.5,0.37,99.45,1.83,8.31,5.01,8/5/2026 4:30:00 PM,65.5
Investment Master,MDB,Technology,337.48,444.7,55.24,,2.06,10.43,0.41,27144170000,405.42,20.13,25.25,111.72,71.67,-1.12,0.02,1.56,3.97,91.39,1.56,2.84,3.67,5/28/2026 4:30:00 PM,65.3
Investment Master,TXN,Technology,275.74,334.03,41.8,41.95,0.89,12.94,0.57,251818910000,331.36,20.17,22.82,51.54,58.33,30.93,0.78,1.32,0.26,89.27,2.16,15.76,1.73,7/22/2026 4:30:00 PM,65.1
Investment Master,MGNI,Communication Services,19.3,26.65,53.52,18.64,1.19,3.83,0.69,2764050000,22.92,18.76,5.52,143.89,63.18,21.96,0.47,2.25,2.53,92.58,1.33,13.61,9.75,8/5/2026 4:30:00 PM,65.0
Investment Master,AR,Energy,36.14,45.75,59.13,10.38,0.18,1.88,0.15,11110850000,49.95,38.21,12.47,79.4,25.75,18.32,0.55,0.34,4.58,89.59,1.6,11.86,4.04,7/29/2026 4:30:00 PM,64.7
Investment Master,SCHW,Financial,105.24,107.5,65.53,19.14,0.57,6.17,0.32,183026620000,123.37,17.23,19.53,41.92,85.14,32.78,0.74,0.75,5.84,83.27,1.62,22.67,1.38,7/21/2026 8:30:00 AM,64.6
Investment Master,RUN,Technology,9.81,22.44,30.56,4.59,,0.74,0.02,2340170000,18.63,89.91,43.22,214.36,28.71,17.94,4.45,2.37,3.55,108.27,2.0,65.92,28.65,8/5/2026 4:30:00 PM,64.5
Investment Master,VRT,Industrials,241.57,379.95,34.81,54.66,0.66,8.1,0.34,93001600000,346.7,43.52,24.12,52.42,35.73,15.09,0.7,2.08,0.38,84.82,1.5,11.21,2.92,7/29/2026 8:30:00 AM,64.3
Investment Master,CEG,Utilities,262.75,412.67,50.98,22.82,0.89,3.31,0.14,94354060000,354.6,34.96,23.45,1095.18,13.18,13.3,0.67,1.11,6.52,74.48,1.44,10.65,3.17,8/6/2026 8:30:00 AM,64.2
Investment Master,INTU,Technology,316.07,807.12,59.07,19.14,0.76,4.13,0.4,86456840000,443.52,40.32,10.37,11.01,77.64,21.91,0.33,0.95,2.18,88.18,1.83,15.82,5.91,8/25/2026 4:30:00 PM,64.2
Investment Master,KEYS,Technology,319.08,374.95,48.29,52.57,1.16,8.96,0.28,54529290000,400.91,25.65,31.47,35.79,63.9,17.25,0.44,1.23,0.79,91.51,1.8,3.13,1.85,8/18/2026 4:30:00 PM,64.2
Investment Master,RDN,Financial,38.99,41.05,58.55,9.59,0.99,3.74,0.08,5184700000,43.67,12.0,46.59,-8.43,,40.5,0.27,0.71,1.9,94.59,1.62,6.0,4.6,8/5/2026 4:30:00 PM,64.2
Investment Master,MOD,Consumer Cyclical,201.06,323.25,37.77,75.77,0.39,3.17,0.11,10678840000,329.88,64.07,28.02,43.54,22.38,4.28,0.56,1.72,2.09,104.41,1.0,2.83,5.44,7/29/2026 4:30:00 PM,63.9
Investment Master,PATH,Technology,12.76,19.84,62.37,21.05,1.05,3.95,0.23,6611220000,13.4,5.02,17.32,203.89,82.71,19.58,0.04,0.96,24.57,62.38,2.73,112.93,28.9,5/28/2026 4:30:00 PM,63.7
Investment Master,SOFI,Financial,16.31,32.73,44.04,34.39,0.51,3.75,0.1,20921510000,19.58,20.05,39.09,40.36,64.34,11.4,0.31,2.18,1.81,56.83,2.77,185.96,14.76,7/29/2026 8:30:00 AM,63.6
Investment Master,GILD,Healthcare,130.21,157.3,48.49,17.72,1.5,5.43,1.07,161664820000,159.04,22.14,5.09,54.29,79.41,30.94,0.94,0.34,0.14,88.98,1.55,25.26,2.04,8/4/2026 4:30:00 PM,63.5
Investment Master,WAY,Healthcare,21.11,41.47,46.51,30.06,0.75,3.36,0.19,4047810000,33.22,57.37,18.11,18.57,56.11,11.18,0.37,0.06,28.74,82.14,1.16,13.59,9.95,7/29/2026 4:30:00 PM,63.5
Investment Master,ANET,Technology,180.35,189.82,56.82,61.76,1.8,23.39,0.67,227097200000,192.7,6.85,35.13,26.22,63.54,38.32,0.0,1.6,16.94,72.22,1.12,19.89,1.9,8/4/2026 4:30:00 PM,63.3
Investment Master,AMZN,Consumer Cyclical,271.58,278.57,67.88,21.84,1.1,3.77,0.19,2921415620000,323.8,19.23,19.62,241.83,50.77,17.44,0.44,1.47,8.95,66.69,1.22,106.57,1.09,7/30/2026 4:30:00 PM,63.0
Investment Master,CART,Consumer Cyclical,44.6,53.5,47.47,25.02,0.47,2.71,0.2,10482330000,51.85,16.26,13.6,51.33,72.52,12.37,0.01,0.78,21.77,71.35,2.11,16.79,9.13,8/6/2026 4:30:00 PM,62.8
Investment Master,TSEM,Technology,219.67,319.94,45.96,102.03,0.64,15.14,0.98,24549580000,313.83,42.86,15.48,60.32,24.77,15.13,0.05,0.92,7.12,78.07,1.33,2.72,2.62,8/4/2026 8:30:00 AM,62.7
Investment Master,AMAT,Technology,507.67,739.72,45.29,47.7,0.93,13.89,1.22,403069390000,641.61,26.38,11.41,33.44,48.96,29.31,0.3,1.62,0.5,81.52,1.45,16.7,2.11,8/13/2026 4:30:00 PM,62.5
Investment Master,RBRK,Technology,72.36,99.75,43.03,,,10.45,0.27,14893730000,95.23,31.61,38.99,61.43,80.58,-20.25,,1.2,26.32,57.55,1.1,13.67,9.01,6/4/2026 4:30:00 PM,62.5
Investment Master,ADBE,Technology,250.41,370.87,59.83,14.32,0.63,3.95,0.31,99537980000,252.86,0.98,12.69,8.04,88.82,28.69,0.61,1.39,0.21,84.58,2.65,20.26,5.11,6/11/2026 4:30:00 PM,62.3
Investment Master,CENX,Basic Materials,44.77,70.43,44.85,13.39,0.05,1.74,0.72,4431070000,70.25,56.91,2.41,1037.28,12.67,13.72,0.47,1.97,31.01,72.88,1.0,9.78,14.32,8/6/2026 4:30:00 PM,62.3
Investment Master,KLAC,Technology,182.82,307.36,38.24,49.8,1.07,17.59,1.15,238813250000,236.38,29.3,15.25,14.76,60.22,35.59,0.93,1.47,1.24,90.86,1.94,27.94,2.17,7/28/2026 4:30:00 PM,62.3
Investment Master,TLN,Utilities,334.1,451.3,39.58,,,3.26,0.15,15166470000,479.53,43.53,21.64,145.11,63.43,-0.45,6.34,1.69,7.13,103.97,1.47,2.52,5.97,8/5/2026 4:30:00 PM,62.3
Investment Master,NFLX,Communication Services,71.71,126.72,44.6,22.59,0.86,6.12,0.46,298596130000,94.49,31.77,13.41,11.06,49.53,27.99,0.55,1.52,0.63,83.06,1.69,99.75,2.41,7/16/2026 4:30:00 PM,62.1
Investment Master,EXEL,Healthcare,53.03,57.57,41.62,17.58,0.84,5.61,0.56,13329360000,51.94,-2.06,9.97,42.14,96.44,35.08,0.09,0.43,3.19,104.65,2.33,30.91,12.7,8/5/2026 4:30:00 PM,62.0
Investment Master,KN,Technology,36.59,42.93,48.71,47.2,1.22,4.92,0.34,3125160000,45.0,22.98,14.32,137.75,42.19,10.69,0.19,1.61,2.32,100.52,1.8,4.84,5.8,7/23/2026 4:30:00 PM,62.0
Investment Master,AJG,Financial,249.42,313.54,52.37,41.29,1.03,4.07,0.17,64076000000,290.67,16.54,24.29,-11.02,90.43,9.96,0.59,0.49,1.93,92.58,1.67,7.99,3.17,7/30/2026 4:30:00 PM,62.0
Investment Master,MRVL,Technology,187.56,329.86,41.59,64.09,0.63,18.84,0.68,164258750000,268.15,42.97,27.57,-81.0,50.64,28.99,0.3,2.26,0.77,78.1,1.43,32.48,3.74,5/27/2026 4:30:00 PM,61.5
Investment Master,HBAN,Financial,17.04,19.45,42.68,13.14,0.61,2.41,0.06,34427870000,20.11,18.02,38.02,-2.56,,15.73,0.67,0.96,0.91,88.47,1.76,59.39,2.97,7/23/2026 8:30:00 AM,61.2
Investment Master,ICE,Financial,152.48,189.35,65.38,21.54,1.42,6.52,0.96,85601430000,181.77,19.21,6.78,14.19,68.57,30.74,0.69,0.91,0.61,94.38,1.33,9.06,1.62,7/30/2026 8:30:00 AM,61.1
Investment Master,PWR,Industrials,667.36,788.75,53.07,76.44,1.43,3.05,0.07,100333160000,801.28,20.07,41.1,94.87,13.68,4.03,0.69,1.24,0.94,93.13,1.69,3.17,2.13,7/30/2026 8:30:00 AM,61.1
Investment Master,SNPS,Technology,388.76,646.32,40.15,89.94,1.34,8.58,0.2,74439500000,569.89,46.59,41.92,-96.02,64.88,8.91,0.36,1.24,4.68,85.59,1.67,5.61,3.07,8/26/2026 4:30:00 PM,61.0
Investment Master,TDC,Technology,30.99,41.78,48.89,7.1,1.32,1.73,0.28,2916160000,35.0,12.94,6.22,667.57,60.63,24.93,0.99,0.61,3.27,114.74,2.78,17.26,18.96,8/4/2026 4:30:00 PM,60.7
Investment Master,SF,Financial,82.91,89.83,66.63,14.84,0.74,1.88,0.19,12568240000,90.14,8.72,9.89,50.12,87.0,13.69,0.4,0.98,3.5,92.51,2.33,4.88,3.34,7/22/2026 8:30:00 AM,60.5
Investment Master,ZION,Financial,69.7,73.34,52.46,8.88,1.41,1.97,0.1,10171950000,75.0,7.6,19.1,86.88,,22.42,0.41,0.79,1.59,81.17,2.75,7.01,4.88,7/20/2026 4:30:00 PM,60.4
Investment Master,NXT,Technology,89.87,163.13,35.82,23.27,1.04,3.75,0.46,13629080000,148.48,65.22,8.21,2.73,33.18,16.36,0.02,1.95,1.51,107.67,1.47,7.21,4.82,7/30/2026 4:30:00 PM,60.1
Investment Master,REGN,Healthcare,762.63,821.09,78.05,18.85,0.91,5.15,0.31,79940310000,838.15,9.9,16.73,-4.52,81.46,27.86,0.09,0.21,3.71,86.92,1.81,3.5,3.47,7/30/2026 8:30:00 AM,60.1
Investment Master,BNL,Real Estate,21.41,23.1,42.7,28.57,1.27,8.6,1.06,4108430000,23.4,9.29,8.14,95.71,58.72,29.46,0.95,0.95,1.14,94.0,1.73,12.4,6.53,7/29/2026 4:30:00 PM,60.0
Investment Master,NOW,Technology,111.23,196.42,56.47,69.5,1.1,7.81,0.33,115011820000,140.51,26.32,24.01,-21.91,74.77,11.34,0.68,0.94,0.91,86.69,1.38,55.71,5.44,7/22/2026 4:30:00 PM,59.9
Investment Master,SYM,Industrials,43.05,87.88,51.6,,0.87,10.31,0.45,25946530000,66.23,53.84,23.07,140.11,19.24,-0.2,0.04,1.95,43.7,42.27,2.29,15.77,22.01,8/5/2026 4:30:00 PM,59.9
Investment Master,PENG,Technology,52.63,89.86,43.63,37592.86,0.56,1.79,0.04,2696900000,73.12,38.93,47.64,,27.92,5.04,1.61,2.88,4.42,121.85,1.56,9.7,19.79,7/7/2026 4:30:00 PM,59.5
Investment Master,PLAB,Technology,30.29,56.0,48.62,11.09,5.17,2.07,,1786010000,42.33,39.75,-0.5,268.2,33.77,18.47,0.0,1.39,4.06,95.86,1.0,4.18,7.39,5/28/2026 8:30:00 AM,59.4
Investment Master,AAOI,Technology,94.32,233.7,40.88,,,14.93,0.29,7568500000,166.08,76.08,51.36,-2.56,29.54,-8.55,0.25,3.77,5.44,71.93,2.0,9.94,13.1,8/6/2026 4:30:00 PM,59.3
Investment Master,DDOG,Technology,267.97,278.7,61.39,715.16,4.8,25.98,0.81,95386650000,272.3,1.62,32.15,115.46,79.86,3.69,0.32,1.54,9.05,81.75,1.46,12.49,3.86,8/6/2026 8:30:00 AM,59.1
Investment Master,FLEX,Technology,113.75,166.86,40.26,43.92,0.37,1.42,0.07,41676810000,159.55,40.26,20.58,51.22,9.29,3.32,1.08,1.69,0.65,98.39,1.33,7.61,2.09,7/29/2026 8:30:00 AM,59.0
Investment Master,GEV,Industrials,990.29,1196.0,46.35,28.35,1.56,6.38,0.29,263747479999,1237.16,24.93,21.78,32.85,20.16,23.05,0.24,1.08,0.15,79.93,1.65,10.12,3.8,7/22/2026 8:30:00 AM,58.8
Investment Master,FSLR,Technology,211.03,320.96,43.0,13.01,0.33,4.22,,22679350000,261.07,23.71,-3.73,23.36,44.0,32.47,0.02,1.76,5.55,92.82,1.97,9.89,9.75,7/30/2026 4:30:00 PM,58.7
Investment Master,GLW,Technology,138.25,271.77,38.08,63.41,0.99,7.02,0.42,119086930000,194.69,40.82,16.65,17.83,35.54,11.2,0.75,1.16,8.43,72.66,1.7,19.13,2.42,7/28/2026 8:30:00 AM,58.6
Investment Master,TTD,Communication Services,18.04,91.43,44.97,20.33,0.89,2.86,0.24,8480760000,25.31,40.3,11.82,-16.77,77.83,14.57,0.17,1.03,11.21,79.73,2.47,73.63,17.64,8/6/2026 4:30:00 PM,58.3
Investment Master,NDAQ,Financial,94.19,101.78,60.46,27.45,1.34,6.05,0.29,52650080000,111.5,18.38,21.15,14.38,57.02,22.6,0.78,0.96,21.34,75.48,1.45,9.0,2.05,7/23/2026 8:30:00 AM,58.1
Investment Master,CRWD,Technology,190.86,217.5,54.34,,4.21,38.15,1.49,194344970000,197.12,3.28,25.57,124.26,74.89,-0.89,0.18,1.25,3.51,71.02,1.63,27.45,2.79,6/3/2026 4:30:00 PM,58.1
Investment Master,WAL,Financial,80.49,97.23,46.58,9.07,0.54,1.55,0.19,8788330000,91.56,13.75,7.99,13.84,,17.09,0.95,1.33,6.39,85.26,1.56,5.57,5.45,7/21/2026 4:30:00 PM,58.0
Investment Master,FTNT,Technology,161.95,170.35,60.12,57.06,2.81,15.79,0.62,118824920000,163.47,0.94,25.64,43.86,80.2,28.17,0.32,1.08,17.23,69.31,2.76,14.49,2.39,7/29/2026 4:30:00 PM,58.0
Investment Master,RJF,Financial,175.98,178.28,67.86,15.34,0.76,1.99,0.17,33805760000,185.08,5.17,11.82,42.2,91.6,13.55,0.47,0.92,10.44,80.6,2.41,9.56,5.56,7/22/2026 4:30:00 PM,57.9
Investment Master,AUB,Financial,42.43,43.62,55.33,12.69,0.82,2.72,,6021840000,47.0,10.77,-2.5,835.55,,21.44,0.37,0.78,1.0,86.93,1.67,7.53,5.36,7/21/2026 8:30:00 AM,57.8
Investment Master,DECK,Consumer Cyclical,96.88,125.44,40.12,13.75,1.1,2.39,0.41,13193300000,122.15,26.08,5.79,0.83,56.29,18.42,0.21,1.16,1.06,101.03,2.24,5.84,4.33,7/23/2026 4:30:00 PM,57.8
Investment Master,DXCM,Healthcare,83.45,87.0,68.55,32.94,1.27,6.34,0.48,31490750000,93.38,11.9,13.08,43.63,63.57,20.12,0.53,1.41,1.74,97.5,1.39,18.65,4.92,7/30/2026 4:30:00 PM,57.6
Investment Master,FRSH,Technology,11.35,14.05,61.13,17.88,1.17,3.75,0.23,3263510000,12.77,12.51,16.49,-295.35,83.93,20.69,0.04,0.86,27.13,61.33,2.0,20.26,9.67,8/4/2026 4:30:00 PM,57.6
Investment Master,YOU,Technology,55.24,62.73,51.39,44.62,0.78,7.83,0.4,7382350000,60.6,9.7,19.7,47.03,61.78,13.0,0.6,1.05,8.11,96.98,2.33,12.47,13.46,8/5/2026 8:30:00 AM,57.3
Investment Master,EXLS,Technology,33.93,45.08,67.7,21.38,0.86,2.3,0.15,5144210000,44.38,30.8,15.61,4.92,35.44,11.17,0.56,0.79,3.35,100.75,1.27,12.02,8.2,7/28/2026 4:30:00 PM,57.2
Investment Master,FITB,Financial,56.5,59.5,50.42,19.23,0.74,3.34,0.09,51206600000,63.05,11.59,37.99,-5.0,,14.36,0.65,0.93,0.46,90.75,1.7,43.05,4.77,7/17/2026 8:30:00 AM,57.2
Investment Master,CRWV,Technology,71.77,153.19,41.59,,,6.29,0.06,39155580000,138.03,92.32,111.69,-76.43,34.82,-25.58,7.39,7.4,37.77,45.39,1.83,64.36,18.96,8/11/2026 4:30:00 PM,57.2
Investment Master,CSCO,Technology,115.99,130.37,52.83,37.81,2.12,7.53,0.63,457167020000,132.4,14.15,11.96,36.1,63.53,20.13,0.68,1.01,0.24,79.8,1.9,64.82,1.65,8/12/2026 4:30:00 PM,56.8
Investment Master,EME,Industrials,797.43,951.93,54.09,24.74,1.39,1.89,0.1,35174560000,1044.14,30.94,19.76,34.91,19.43,7.74,0.13,1.14,0.74,95.66,1.91,1.35,3.05,7/30/2026 8:30:00 AM,56.6
Investment Master,PEGA,Technology,30.55,68.1,50.07,17.26,1.14,2.89,0.31,5022570000,43.38,42.0,9.42,-53.0,75.48,18.66,0.13,0.87,45.94,57.06,1.93,15.81,17.79,7/21/2026 4:30:00 PM,56.3
Investment Master,APLD,Technology,27.39,50.72,41.56,,,13.86,0.02,7983340000,74.12,170.61,580.68,-62.41,22.38,-43.39,2.86,5.77,9.25,72.06,1.15,69.87,26.42,7/27/2026 4:30:00 PM,56.3
Investment Master,POWL,Industrials,208.68,328.01,39.01,40.78,1.46,6.72,1.04,7602560000,335.33,60.69,6.45,-1.12,30.05,16.51,0.0,1.2,21.46,79.8,1.57,2.39,8.37,8/3/2026 4:30:00 PM,56.2
Investment Master,EOG,Energy,148.69,151.86,64.58,14.62,0.71,3.36,0.21,79196530000,158.79,6.79,15.63,39.89,40.88,23.34,0.27,0.25,0.23,96.28,2.14,17.4,3.27,8/5/2026 8:30:00 AM,56.1
Investment Master,CFG,Financial,71.65,74.7,54.26,15.57,0.45,2.47,0.54,30299490000,80.33,12.11,4.55,41.17,,16.15,0.62,1.0,0.95,97.93,1.4,16.22,3.87,7/16/2026 8:30:00 AM,56.0
Investment Master,GTES,Industrials,27.98,29.17,57.79,19.82,1.32,2.03,0.31,7106920000,31.91,14.05,6.55,206.28,40.55,10.39,0.67,1.27,1.96,102.7,1.85,12.71,5.1,7/31/2026 8:30:00 AM,55.9
Investment Master,LAUR,Consumer Defensive,38.31,40.93,57.63,17.2,0.81,2.88,0.16,5277180000,41.21,7.57,17.5,51.23,27.26,17.57,0.64,0.4,7.51,96.89,1.62,4.01,3.1,7/30/2026 8:30:00 AM,55.8
Investment Master,MLI,Industrials,66.41,70.95,62.4,17.31,1.18,3.15,0.12,14688660000,77.5,16.7,25.46,1.83,26.75,18.25,0.01,1.11,2.07,93.08,1.0,4.04,1.87,7/21/2026 8:30:00 AM,55.8
Investment Master,VLY,Financial,14.29,15.2,45.32,12.1,0.45,2.23,0.55,7918540000,16.73,17.07,4.09,29.18,,18.66,0.44,1.06,14.31,76.16,1.4,43.18,9.09,7/23/2026 8:30:00 AM,55.8
Investment Master,DT,Technology,44.32,54.01,55.36,82.67,1.18,6.37,0.33,12862940000,47.78,7.81,19.44,-54.84,81.56,8.06,0.06,0.72,1.09,100.65,1.77,11.24,3.91,8/5/2026 8:30:00 AM,55.8
Investment Master,VST,Utilities,148.19,219.83,42.48,24.74,0.17,3.04,,49967070000,228.76,54.37,-10.0,407.29,14.65,12.45,3.56,1.42,0.95,90.54,1.33,12.6,3.77,8/7/2026 8:30:00 AM,55.7
Investment Master,S,Technology,19.06,20.71,59.28,,0.72,6.23,0.3,6533840000,19.69,3.31,20.8,64.4,73.0,-30.38,0.0,0.79,6.89,78.3,1.89,21.25,6.66,5/28/2026 4:30:00 PM,55.6
Investment Master,ABNB,Consumer Cyclical,151.52,156.5,59.72,37.32,1.2,7.18,0.4,91321850000,157.36,3.85,17.87,7.34,72.38,19.8,0.33,1.14,32.46,58.94,2.15,13.99,3.49,8/6/2026 4:30:00 PM,55.4
Investment Master,MGY,Energy,25.71,32.76,49.19,14.91,0.39,4.62,1.97,6092460000,32.84,27.73,2.34,-0.28,46.04,24.06,0.2,0.71,0.94,86.99,1.81,21.04,8.96,8/6/2026 8:30:00 AM,55.4
Investment Master,DOW,Basic Materials,30.29,42.74,50.07,,,0.53,0.03,21879700000,35.24,16.34,19.68,183.39,9.44,-3.16,1.22,0.42,0.26,71.99,2.3,33.85,4.7,7/23/2026 8:30:00 AM,55.4
Investment Master,RGTI,Technology,14.95,58.15,44.13,,,495.94,2.49,4969360000,30.45,103.68,198.91,-148.42,-59.45,-2253.59,0.01,2.01,1.73,53.02,1.64,61.35,18.78,8/6/2026 4:30:00 PM,55.2
Investment Master,SYF,Financial,75.79,88.77,54.04,7.77,0.79,1.3,,24659860000,88.57,16.86,-0.4,3.63,81.4,18.12,0.97,1.31,0.52,111.09,1.92,19.37,5.98,7/21/2026 8:30:00 AM,55.1
Investment Master,DOX,Technology,55.72,90.29,57.67,11.19,0.74,1.3,0.33,5993860000,84.67,51.96,3.92,-11.62,36.12,11.57,0.32,0.41,1.22,99.02,2.25,9.87,9.29,8/5/2026 4:30:00 PM,55.0
Investment Master,AAPL,Technology,308.91,344.57,43.24,35.41,2.54,9.72,0.59,4537071330000,327.82,6.12,16.36,29.13,48.65,27.62,0.78,1.07,0.12,66.05,1.98,146.55,1.0,7/30/2026 4:30:00 PM,54.9
Investment Master,FFBC,Financial,33.83,36.24,50.16,11.95,0.83,2.59,0.2,3550680000,37.57,11.06,12.98,-0.15,,20.77,0.33,0.93,1.15,84.92,2.29,4.98,4.8,7/21/2026 4:30:00 PM,54.6
Investment Master,AMCR,Consumer Cyclical,44.88,50.94,56.72,30.93,,0.94,0.01,20750070000,49.23,9.69,77.44,-11.55,16.71,3.06,1.43,0.61,0.26,78.56,2.0,29.66,6.43,8/12/2026 8:30:00 AM,54.6
Investment Master,ONTO,Technology,258.58,386.46,43.9,120.04,0.78,12.48,1.31,12862690000,366.0,41.54,9.51,-47.97,49.26,10.33,0.0,1.61,0.63,101.24,1.08,2.69,5.43,8/6/2026 4:30:00 PM,54.5
Investment Master,IRM,Real Estate,122.32,134.68,46.78,134.31,3.42,5.02,0.23,36393220000,132.82,8.58,21.58,787.08,40.39,3.76,,1.22,0.93,87.01,1.5,8.26,2.8,8/5/2026 8:30:00 AM,54.5
Investment Master,UPWK,Communication Services,9.16,22.84,51.81,11.41,0.4,1.43,0.99,1131430000,12.44,35.81,1.44,-12.0,77.54,13.81,0.67,0.98,5.19,97.86,2.45,25.62,21.88,8/10/2026 4:30:00 PM,54.4
Investment Master,RRC,Energy,40.14,48.31,62.57,11.08,0.65,2.87,0.34,9379900000,46.09,14.82,8.34,-16.44,38.0,26.28,0.22,0.42,1.53,98.79,2.56,20.29,8.82,7/21/2026 4:30:00 PM,54.2
Investment Master,NTNX,Technology,59.01,82.42,68.08,61.83,2.13,5.8,0.58,15951610000,58.93,-0.14,10.03,19.25,87.08,10.03,,0.59,2.45,88.34,2.1,26.19,9.93,5/27/2026 4:30:00 PM,54.2
Investment Master,QRVO,Technology,90.57,109.49,52.4,21.02,1.26,2.19,,7990230000,89.67,-0.99,-4.15,251.85,48.47,10.95,0.45,1.44,1.24,96.18,3.11,6.99,8.02,7/28/2026 4:30:00 PM,53.9
Investment Master,CARG,Consumer Cyclical,36.24,39.42,60.16,23.76,1.04,3.41,0.42,3268380000,38.07,5.05,8.17,-8.8,88.61,15.57,0.79,1.17,20.54,92.03,1.88,7.32,10.21,8/6/2026 4:30:00 PM,53.8
Investment Master,DIS,Communication Services,96.19,119.91,46.34,15.39,1.09,1.72,0.23,167035030000,126.86,31.88,7.45,-29.76,31.63,11.53,0.44,1.39,0.16,76.95,1.42,22.64,1.31,8/5/2026 8:30:00 AM,53.8
Investment Master,EQT,Energy,53.29,68.24,57.11,12.36,0.66,3.52,,33333750000,67.96,27.53,-3.94,-74.16,48.14,28.61,0.22,0.57,1.09,92.45,1.55,20.68,3.34,7/21/2026 4:30:00 PM,53.8
Investment Master,TEM,Healthcare,43.87,104.33,38.0,,,5.52,0.26,7907300000,65.0,48.17,21.56,112.51,62.92,-17.77,3.25,3.61,40.91,53.01,2.16,30.36,28.51,7/30/2026 4:30:00 PM,53.6
Investment Master,ZS,Technology,151.2,336.97,56.08,,1.84,7.7,0.3,24450480000,192.12,27.06,25.43,-224.81,76.29,-2.44,0.79,0.94,35.17,54.45,1.49,8.05,7.68,5/26/2026 4:30:00 PM,53.6
Investment Master,LMT,Industrials,582.74,692.01,67.65,21.48,1.01,1.75,0.17,134491000000,632.42,8.53,10.51,444.26,12.66,8.16,2.34,0.1,0.1,75.52,2.48,3.11,1.35,7/23/2026 8:30:00 AM,53.3
Investment Master,GNTX,Consumer Cyclical,23.36,29.38,43.03,12.4,0.94,1.89,,4974560000,25.57,9.46,-1.0,25.35,37.93,15.33,0.0,0.78,0.36,96.64,2.2,14.89,7.02,7/24/2026 8:30:00 AM,53.0
Investment Master,EXE,Energy,94.03,126.62,60.55,8.12,0.62,1.73,,21768300000,126.12,34.13,-10.61,-45.58,48.69,22.08,0.19,0.33,0.47,95.23,1.48,8.47,3.68,7/28/2026 4:30:00 PM,52.7
Investment Master,MWA,Industrials,25.24,31.0,49.39,19.15,2.21,2.7,0.49,3949330000,31.0,22.82,5.52,15.29,37.58,14.17,0.42,1.03,0.9,95.9,2.57,5.29,3.41,8/5/2026 4:30:00 PM,52.4
Investment Master,JPM,Financial,351.79,359.3,60.45,15.07,1.33,3.17,0.18,942625360000,374.13,6.35,18.09,47.08,,21.39,3.3,0.98,0.45,75.08,2.0,29.48,1.11,7/14/2026 8:30:00 AM,52.3
Investment Master,HAYW,Industrials,15.13,17.73,50.64,20.81,1.32,2.75,0.44,3209370000,17.75,17.32,6.27,2.28,44.1,13.83,0.63,1.09,2.76,100.46,2.3,10.89,5.16,7/29/2026 8:30:00 AM,52.1
Investment Master,XYL,Industrials,116.97,154.27,47.07,27.78,1.84,3.0,2.03,27310950000,154.94,32.46,1.48,19.94,39.09,11.17,0.29,1.02,0.35,97.18,1.85,7.68,3.3,7/28/2026 8:30:00 AM,52.1
Investment Master,CTSH,Technology,55.35,87.03,69.84,11.88,0.92,1.15,0.26,24932090000,62.35,12.65,4.5,4.1,30.66,10.26,0.14,0.79,0.49,111.61,2.06,57.09,12.74,7/29/2026 8:30:00 AM,51.8
Investment Master,ABT,Healthcare,105.7,137.49,66.77,34.17,1.88,3.93,0.3,182901510000,118.91,12.5,13.02,-48.22,52.81,11.6,0.64,0.58,0.68,81.89,1.59,24.85,1.45,7/16/2026 8:30:00 AM,51.8
Investment Master,NTLA,Healthcare,10.68,28.25,32.88,,,22.58,,1492230000,26.12,144.57,-9.5,26.48,76.32,-597.04,0.13,1.83,4.46,78.44,2.3,45.78,34.29,5/11/2026 8:30:00 AM,51.6
Investment Master,OKTA,Technology,141.93,157.0,56.65,103.09,2.93,8.23,0.74,24668480000,128.54,-9.43,11.19,20.1,77.44,8.24,0.06,0.77,4.96,93.72,1.74,7.57,4.59,5/28/2026 4:30:00 PM,51.5
Investment Master,KEY,Financial,22.59,24.07,46.59,13.14,0.62,2.19,,24382940000,25.14,11.29,-0.82,24.68,,16.98,0.74,1.03,0.4,87.62,1.95,30.02,2.79,7/21/2026 8:30:00 AM,51.3
Investment Master,AIG,Financial,78.58,87.29,50.41,13.88,0.88,1.56,,41663610000,88.75,12.94,-1.96,20.82,,11.86,0.23,0.53,0.29,96.82,2.37,9.35,1.77,8/6/2026 4:30:00 PM,51.2
Investment Master,FTI,Energy,71.66,77.92,50.47,24.94,1.06,2.71,0.31,28102500000,76.1,6.2,8.64,40.43,21.02,11.32,0.35,0.72,1.0,100.58,2.0,16.93,4.29,7/30/2026 8:30:00 AM,51.2
Investment Master,GFS,Technology,49.99,92.56,30.48,35.91,0.82,4.01,1.3,27429550000,81.25,62.53,3.09,-51.3,26.11,11.37,0.15,1.82,77.22,25.71,2.04,6.7,5.36,8/5/2026 8:30:00 AM,51.2
Investment Master,VSNT,Communication Services,35.99,59.0,45.13,6.09,0.54,0.76,,5078920000,44.8,24.48,-1.17,-20.39,40.88,12.72,0.37,,0.53,82.44,2.62,4.02,2.85,8/6/2026 8:30:00 AM,50.8
Investment Master,FCX,Basic Materials,62.63,72.19,51.2,30.84,0.45,3.56,,90034370000,73.68,17.64,-6.48,28.47,24.81,11.58,0.52,1.37,0.53,87.7,1.59,28.59,2.0,7/23/2026 8:30:00 AM,50.7
Investment Master,CRSP,Healthcare,47.99,78.48,41.7,,,1128.92,16.47,4628580000,83.53,74.06,68.55,19.13,-5283.4,-13856.54,0.43,1.74,7.16,74.59,1.83,19.81,22.12,5/4/2026 4:30:00 PM,50.6
Investment Master,NTAP,Technology,178.5,192.83,64.65,28.08,2.02,5.06,0.41,35027820000,177.25,-0.7,12.46,23.01,70.59,18.43,2.02,1.44,0.52,105.16,2.5,12.87,6.59,5/28/2026 4:30:00 PM,50.4
Investment Master,JCI,Industrials,146.66,151.18,58.07,25.5,1.08,3.55,0.38,88838050000,163.39,11.41,9.29,15.16,36.61,14.32,0.7,1.32,0.33,93.55,2.17,9.58,1.59,7/29/2026 8:30:00 AM,50.3
Investment Master,ALOY,Basic Materials,8.78,26.9,42.09,,,236.83,11.69,603910000,23.0,161.96,20.26,-746.7,48.57,-4325.81,0.01,0.65,15.11,4.64,1.0,6.0,10.27,05/19/2026,50.0
Investment Master,PANW,Technology,331.83,368.78,54.57,272.95,6.13,25.5,0.82,270441440000,342.95,3.35,31.15,-159.65,71.05,7.95,0.07,0.91,1.01,78.81,1.61,20.42,2.53,6/2/2026 4:30:00 PM,50.0
Investment Master,EQIX,Real Estate,1019.28,1128.65,45.78,65.6,3.75,10.26,0.63,100574080000,1224.0,20.08,16.36,28.74,31.69,15.63,1.62,0.97,0.31,99.07,1.41,1.88,1.91,7/29/2026 4:30:00 PM,49.9
Investment Master,QCOM,Technology,147.61,259.92,28.87,17.08,4.85,3.52,,154990500000,204.6,38.61,-4.03,-22.8,54.23,21.01,0.55,1.66,0.1,81.16,2.56,36.15,3.45,7/29/2026 4:30:00 PM,49.5
Investment Master,TSLA,Consumer Cyclical,311.21,498.81,31.7,289.15,5.91,11.86,0.46,1229138680000,382.15,22.79,25.52,-5.5,18.85,3.67,0.19,1.84,30.04,41.31,2.53,70.65,2.56,7/22/2026 4:30:00 PM,49.4
Investment Master,FNB,Financial,18.9,19.59,51.06,11.23,0.99,2.5,,6727720000,20.5,8.47,-0.59,17.02,,22.43,0.68,0.87,1.62,90.57,1.56,31.17,8.9,7/16/2026 4:30:00 PM,49.3
Investment Master,INTC,Technology,90.2,142.36,39.94,,0.49,7.98,0.31,454968780000,120.67,33.78,25.42,-223.64,39.05,-19.79,0.58,2.25,14.71,60.85,2.43,120.96,2.81,7/23/2026 4:30:00 PM,49.3
Investment Master,MBLY,Consumer Cyclical,7.94,15.81,40.99,,0.69,3.35,8.38,6750490000,11.97,50.76,0.4,68.85,45.63,-201.49,0.0,1.21,80.29,16.47,2.27,33.53,20.0,7/23/2026 8:30:00 AM,49.3
Investment Master,PPL,Utilities,35.21,40.11,41.99,21.65,2.02,2.84,0.26,26490260000,42.0,19.28,10.82,6.93,28.19,13.08,1.35,0.59,0.2,83.01,1.68,40.54,5.4,8/7/2026 8:30:00 AM,49.2
Investment Master,MTB,Financial,246.29,255.01,54.77,13.01,1.08,2.69,1.5,35695550000,255.97,3.93,1.79,25.37,,21.93,0.65,0.57,0.36,93.51,2.68,5.68,3.93,7/15/2026 8:30:00 AM,49.1
Investment Master,DLR,Real Estate,188.52,208.15,53.77,91.87,,10.18,0.35,69754290000,221.9,17.71,28.86,-58.82,28.41,11.07,0.72,1.04,0.03,94.43,1.51,8.47,2.29,7/23/2026 4:30:00 PM,49.1
Investment Master,ETN,Industrials,415.2,436.73,54.5,42.25,1.76,5.37,0.25,161222160000,469.95,13.19,21.39,-15.99,35.9,12.75,1.05,1.19,0.2,86.63,1.61,7.98,2.06,7/31/2026 8:30:00 AM,49.1
Investment Master,HON,Industrials,243.05,260.14,58.95,8.99,5.96,1.97,,77032270000,267.11,9.9,-6.12,264.01,37.84,22.09,1.89,0.84,0.11,78.3,1.92,9.56,3.02,7/23/2026 8:30:00 AM,48.9
Investment Master,MGM,Consumer Cyclical,44.57,51.59,39.07,26.97,,0.63,0.6,11213490000,50.91,14.22,1.05,521.89,38.05,2.38,12.0,1.31,27.43,69.29,2.38,19.94,10.92,7/29/2026 4:30:00 PM,48.9
Investment Master,DVN,Energy,45.13,52.71,56.94,12.52,0.56,3.09,1.01,52053080000,59.78,32.46,3.06,-74.64,23.26,13.45,0.56,0.42,1.64,48.66,1.36,31.5,2.78,8/4/2026 4:30:00 PM,48.8
Investment Master,CARR,Industrials,61.81,76.76,36.1,43.56,1.47,2.3,0.59,50951530000,77.66,25.64,3.89,-14.66,24.69,5.43,0.94,1.32,4.74,89.38,1.96,15.77,2.01,7/28/2026 8:30:00 AM,48.7
Investment Master,MTDR,Energy,49.89,66.84,45.87,12.85,0.42,1.72,,6195250000,69.24,38.79,-6.42,-115.17,38.9,13.45,0.62,0.76,7.29,95.02,1.42,13.55,11.77,8/5/2026 4:30:00 PM,48.6
Investment Master,ALRM,Technology,54.75,59.53,65.34,22.72,2.71,2.61,0.24,2707970000,60.0,9.59,11.04,-10.25,62.66,12.36,0.66,0.75,5.9,96.19,2.43,2.57,5.51,8/6/2026 4:30:00 PM,48.6
Investment Master,LNC,Financial,45.61,46.82,70.38,3.94,1.1,0.46,,8731910000,46.58,2.13,-10.45,76.54,,11.84,0.62,1.12,0.98,83.46,2.56,10.57,5.58,7/30/2026 8:30:00 AM,48.5
Investment Master,CNX,Energy,35.8,43.62,65.13,5.99,0.33,2.39,,5296380000,38.92,8.72,-18.32,-47.83,48.44,42.85,0.49,0.6,4.03,98.07,3.2,15.16,11.16,7/30/2026 8:30:00 AM,47.9
Investment Master,FDX,Industrials,307.4,345.35,42.85,16.58,,0.77,0.06,72725060000,372.33,21.12,12.54,-3.63,21.77,4.67,1.36,1.31,8.66,80.71,1.91,5.97,2.76,06/24/2026,47.6
Investment Master,NET,Technology,278.98,291.0,61.63,,5.29,42.55,1.27,99072150000,264.76,-5.1,33.54,41.55,73.3,-3.72,2.31,1.64,10.45,79.74,1.84,9.83,3.09,8/6/2026 4:30:00 PM,47.4
Investment Master,RF,Financial,30.95,32.47,54.8,12.59,1.03,2.78,,26412100000,32.77,5.88,-2.67,7.97,,22.61,0.4,1.01,0.3,84.94,2.78,55.79,6.56,7/17/2026 8:30:00 AM,47.3
Investment Master,SIRI,Communication Services,29.62,32.66,46.51,11.67,0.57,1.16,1.13,9983920000,30.85,4.15,1.03,23.51,40.4,10.23,0.79,0.94,7.69,78.4,2.89,36.72,11.82,7/30/2026 8:30:00 AM,47.0
Investment Master,ACLS,Technology,130.38,193.79,44.33,40.62,2.23,4.74,1.43,4007090000,169.67,30.13,3.32,-66.35,43.07,11.93,0.07,1.93,1.42,110.14,2.67,1.77,5.84,8/6/2026 8:30:00 AM,46.8
Investment Master,FHN,Financial,25.64,26.56,52.79,12.32,1.11,2.43,4.26,12169200000,27.75,8.23,0.57,19.02,,20.58,0.47,0.63,1.33,87.17,2.24,12.79,2.73,7/15/2026 8:30:00 AM,46.6
Investment Master,MSI,Technology,435.75,492.21,62.5,35.13,2.33,6.09,0.83,72332570000,509.7,16.97,7.36,-13.97,49.07,17.61,3.77,0.88,0.41,88.59,1.47,3.47,2.1,8/5/2026 4:30:00 PM,46.1
Investment Master,FLNC,Utilities,13.93,33.51,41.76,,,0.99,0.13,2567450000,19.05,36.76,7.71,33.88,11.1,-1.62,1.09,2.8,24.5,57.29,2.71,26.67,26.59,8/5/2026 4:30:00 PM,45.9
Investment Master,COP,Energy,120.48,135.87,62.09,20.49,0.93,2.54,,146780060000,142.62,18.38,-5.2,-20.22,23.54,12.61,0.36,0.1,0.1,86.14,1.73,20.7,1.7,8/6/2026 8:30:00 AM,45.8
Investment Master,IBM,Technology,223.65,332.47,41.39,19.85,2.35,3.05,2.8,210708350000,245.29,9.68,1.09,-1.87,57.56,15.52,1.89,0.71,0.1,64.95,2.11,33.09,3.52,7/22/2026 4:30:00 PM,45.6
Investment Master,GD,Industrials,383.42,399.98,60.78,23.38,2.34,1.89,0.23,103737040000,416.45,8.61,8.07,13.32,15.38,8.18,0.35,0.32,0.65,87.09,2.11,2.89,1.08,7/29/2026 8:30:00 AM,45.3
Investment Master,FOX,Communication Services,51.94,68.17,54.37,13.71,1.37,1.42,,23064330000,71.12,36.93,-8.63,-48.79,34.37,10.56,0.69,0.57,68.34,33.97,2.14,11.53,8.68,8/6/2026 8:30:00 AM,44.7
Investment Master,BMI,Technology,134.35,203.99,47.86,31.44,5.2,4.42,,3894380000,154.75,15.18,-6.63,-12.76,41.31,14.27,0.0,0.66,0.69,108.85,2.07,3.83,13.3,7/22/2026 8:30:00 AM,44.7
Investment Master,WBS,Financial,77.22,77.69,57.59,12.56,1.44,2.8,1.57,12512220000,75.23,-2.58,1.78,2.79,,22.22,0.46,1.01,0.77,91.28,2.85,11.28,7.02,7/21/2026 4:30:00 PM,44.3
Investment Master,WYFI,Technology,23.7,46.87,42.23,,,1345.82,29.26,915160000,38.1,60.76,46.0,-933.33,30.98,-45.45,0.71,,75.57,21.31,1.4,5.83,61.77,5/14/2026 8:30:00 AM,42.6
Investment Master,PR,Energy,21.31,22.68,62.43,24.8,0.61,3.51,4.13,17842610000,24.9,16.85,0.85,-88.07,31.86,12.82,0.33,0.47,10.85,84.34,1.19,24.37,3.26,8/5/2026 4:30:00 PM,42.4
Investment Master,RYAN,Financial,44.16,61.85,61.15,64.82,1.71,3.61,0.54,11639690000,48.21,9.17,6.69,-14.34,,3.07,7.47,0.58,12.65,88.02,2.41,16.72,14.78,7/30/2026 4:30:00 PM,42.3
Investment Master,QBTS,Technology,18.08,46.75,45.45,,,538.4,,6697650000,37.71,108.57,-80.95,-164.55,32.92,-2957.23,0.04,2.16,3.53,47.78,1.29,65.07,18.21,8/6/2026 8:30:00 AM,37.3
Investment Master,PRME,Healthcare,2.92,6.94,39.25,,,130.87,,527400000,7.12,143.84,-41.13,30.04,-85.35,-4917.55,1.49,2.31,47.42,44.89,1.46,33.54,35.31,5/7/2026 8:30:00 AM,35.6
Investment Master,FCEL,Industrials,21.61,37.88,49.98,,,10.29,,1727810000,22.83,5.65,-4.86,18.77,-18.2,-134.32,0.19,2.39,5.66,37.29,2.67,15.09,20.01,6/8/2026 8:30:00 AM,34.5
Investment Master,SMR,Industrials,8.42,57.44,45.56,,,164.83,,3077350000,14.7,74.58,-95.78,-25.52,19.69,-2066.55,0.0,2.28,3.09,52.34,2.47,70.48,21.01,8/5/2026 4:30:00 PM,32.9
Investment Master,BKSY,Industrials,23.05,52.88,43.5,,,9.64,,943240000,39.06,69.46,-29.68,-97.33,36.21,-89.06,2.61,2.62,11.32,59.36,1.57,7.78,21.45,8/6/2026 8:30:00 AM,31.7
Investment Master,NVTS,Technology,10.86,34.17,36.98,,,77.62,,2835480000,14.07,29.56,-27.34,-284.43,-13.71,-856.86,0.01,3.88,13.39,44.46,2.86,39.39,17.42,7/27/2026 4:30:00 PM,27.9
Investment Master,AI,Technology,9.18,24.67,53.29,,,5.7,,1427020000,8.82,-3.92,-52.54,-32.13,30.92,-187.95,0.09,2.07,11.88,55.44,3.57,44.42,32.43,6/3/2026 4:30:00 PM,22.4
Speculative Investments,DRAM,Financial,50.37,81.33,42.63,,,,,,,,,,,,,,,,,33.59,,,100.0
Speculative Investments,SHLD,Financial,63.25,78.49,55.6,,,,,,,,,,,,,0.27,,,,1.74,,,97.1
Speculative Investments,GENB,Healthcare,14.0,18.18,47.97,,,,,1794690000,25.4,81.43,,,,,0.13,,57.06,19.59,1.0,6.99,12.69,5/7/2026 8:30:00 AM,87.5
Speculative Investments,NNE,Industrials,15.91,60.86,39.8,,,,,854340000,42.29,165.81,,69.08,,,0.0,5.41,17.8,44.8,1.5,13.84,31.35,5/14/2026 4:30:00 PM,80.8
Speculative Investments,OCTV,Technology,18.24,30.0,57.0,,26.01,,,4896310000,22.92,25.66,,,,,0.01,,21.88,0.57,1.67,1.04,0.5,8/12/2026 8:30:00 AM,66.7
Speculative Investments,OKLO,Utilities,38.83,193.86,36.66,,,,,6756070000,84.42,117.41,,-173.38,,,0.0,1.2,16.05,52.94,2.09,27.94,19.13,8/7/2026 8:30:00 AM,63.6
Speculative Investments,PSUS,Financial,37.5,44.0,51.09,,,,,3750000000,39.5,5.33,,,,,,,,16.23,,0.27,0.27,8/13/2026 8:30:00 AM,56.8
Speculative Investments,QS,Consumer Cyclical,5.22,19.07,35.5,,,,,3231770000,6.43,23.18,,22.04,,,0.06,2.69,18.61,36.55,3.5,104.45,20.73,7/22/2026 4:30:00 PM,55.5
Speculative Investments,INFQ,Technology,9.83,27.5,43.93,,,226.73,,2144880000,20.6,109.56,,-63925.0,21.04,-1027.12,0.01,4.19,14.17,15.79,1.0,28.38,15.15,8/12/2026 4:30:00 PM,49.3
Speculative Investments,USAR,Basic Materials,14.95,43.98,40.02,,,498.44,,3658570000,37.5,150.84,,-155.23,-45.28,-5889.17,0.01,2.62,9.0,49.68,1.0,28.89,12.97,5/13/2026 4:30:00 PM,46.4
Speculative Investments,UEC,Energy,9.6,20.34,43.81,,,235.19,,4750770000,18.03,87.81,,-51.78,-99.39,-513.24,0.0,1.23,1.89,80.42,1.22,58.09,11.96,6/9/2026 8:30:00 AM,44.7
Speculative Investments,WULF,Financial,17.66,29.84,40.78,,,52.07,,8751110000,38.26,116.65,-1.14,-530.69,3.62,-611.46,,3.81,30.05,83.12,1.05,104.37,30.11,8/5/2026 8:30:00 AM,35.8
